{"v":"5.4.1","fr":30,"ip":0,"op":1797,"w":200,"h":200,"nm":"profile","ddd":0,"assets":[],"layers":[{"ddd":0,"ind":1,"ty":3,"nm":"Anticlockwise Loop ","sr":1,"ks":{"o":{"a":0,"k":0,"ix":11},"r":{"a":1,"k":[{"i":{"x":[0.833],"y":[0.833]},"o":{"x":[0.167],"y":[0.167]},"n":["0p833_0p833_0p167_0p167"],"t":0,"s":[0],"e":[-360]},{"t":1798.00007323404}],"ix":10},"p":{"a":0,"k":[100,100,0],"ix":2},"a":{"a":0,"k":[50,50,0],"ix":1},"s":{"a":0,"k":[178,178,100],"ix":6}},"ao":0,"ip":0,"op":1810.00007372281,"st":0,"bm":0},{"ddd":0,"ind":2,"ty":3,"nm":"Clockwise Loop","sr":1,"ks":{"o":{"a":0,"k":0,"ix":11},"r":{"a":1,"k":[{"i":{"x":[0.833],"y":[0.833]},"o":{"x":[0.167],"y":[0.167]},"n":["0p833_0p833_0p167_0p167"],"t":0,"s":[0],"e":[360]},{"t":1798.00007323404}],"ix":10},"p":{"a":0,"k":[100,100,0],"ix":2},"a":{"a":0,"k":[50,50,0],"ix":1},"s":{"a":0,"k":[186,186,100],"ix":6}},"ao":0,"ip":0,"op":1810.00007372281,"st":0,"bm":0},{"ddd":0,"ind":3,"ty":4,"nm":"Spring Outlines","parent":1,"sr":1,"ks":{"o":{"a":0,"k":100,"ix":11},"r":{"a":1,"k":[{"i":{"x":[0.833],"y":[0.833]},"o":{"x":[0.167],"y":[0.167]},"n":["0p833_0p833_0p167_0p167"],"t":0,"s":[0],"e":[360]},{"t":1798.00007323404}],"ix":10},"p":{"a":0,"k":[10.441,47.123,0],"ix":2},"a":{"a":0,"k":[7.125,7.125,0],"ix":1},"s":{"a":0,"k":[58.824,58.824,100],"ix":6}},"ao":0,"shapes":[{"ty":"gr","it":[{"ind":0,"ty":"sh","ix":1,"ks":{"a":0,"k":{"i":[[0,3.935],[-3.935,0],[0,-3.935],[3.935,0]],"o":[[0,-3.935],[3.935,0],[0,3.935],[-3.935,0]],"v":[[-7.125,0],[0,-7.125],[7.125,0],[0,7.125]],"c":true},"ix":2},"nm":"Path 1","mn":"ADBE Vector Shape - Group","hd":false},{"ty":"fl","c":{"a":0,"k":[0.1843137254901961,0.8705882352941177,0.08235294117647059,1],"ix":4},"o":{"a":0,"k":100,"ix":5},"r":1,"nm":"Fill 1","mn":"ADBE Vector Graphic - Fill","hd":false},{"ty":"tr","p":{"a":0,"k":[7.125,7.125],"ix":2},"a":{"a":0,"k":[0,0],"ix":1},"s":{"a":0,"k":[100,100],"ix":3},"r":{"a":0,"k":0,"ix":6},"o":{"a":0,"k":0,"ix":7},"sk":{"a":0,"k":0,"ix":4},"sa":{"a":0,"k":0,"ix":5},"nm":"Transform"}],"nm":"Group 1","np":4,"cix":2,"ix":1,"mn":"ADBE Vector Group","hd":false},{"ty":"gr","it":[{"ind":0,"ty":"sh","ix":1,"ks":{"a":0,"k":{"i":[[0,0],[-1.733,0],[-0.158,1.357],[1.34,0],[0,-2.442],[-1.261,0],[-0.63,0.881]],"o":[[-1.891,0],[1.813,0],[0.079,-1.695],[-1.339,0],[0,2.442],[1.261,0],[0,0]],"v":[[0,-1.256],[-0.079,1.186],[2.916,-0.984],[-0.158,-3.223],[-3.625,0.033],[0,3.223],[3.625,1.865]],"c":false},"ix":2},"nm":"Path 1","mn":"ADBE Vector Shape - Group","hd":false},{"ty":"st","c":{"a":0,"k":[0.1843137254901961,0.8705882352941177,0.08235294117647059,1],"ix":3},"o":{"a":0,"k":100,"ix":4},"w":{"a":0,"k":1,"ix":5},"lc":2,"lj":1,"ml":10,"ml2":{"a":0,"k":10,"ix":8},"nm":"Stroke 1","mn":"ADBE Vector Graphic - Stroke","hd":false},{"ty":"tr","p":{"a":0,"k":[7.125,7.125],"ix":2},"a":{"a":0,"k":[0,0],"ix":1},"s":{"a":0,"k":[100,100],"ix":3},"r":{"a":0,"k":0,"ix":6},"o":{"a":0,"k":100,"ix":7},"sk":{"a":0,"k":0,"ix":4},"sa":{"a":0,"k":0,"ix":5},"nm":"Transform"}],"nm":"Group 2","np":2,"cix":2,"ix":2,"mn":"ADBE Vector Group","hd":false}],"ip":0,"op":1810.00007372281,"st":0,"bm":0},{"ddd":0,"ind":4,"ty":4,"nm":"T-Shirt Outlines","parent":1,"sr":1,"ks":{"o":{"a":0,"k":100,"ix":11},"r":{"a":1,"k":[{"i":{"x":[0.833],"y":[0.833]},"o":{"x":[0.167],"y":[0.167]},"n":["0p833_0p833_0p167_0p167"],"t":0,"s":[0],"e":[360]},{"t":1796.00007315258}],"ix":10},"p":{"a":0,"k":[89.412,50.294,0],"ix":2},"a":{"a":0,"k":[7.125,7.125,0],"ix":1},"s":{"a":0,"k":[58.824,58.824,100],"ix":6}},"ao":0,"shapes":[{"ty":"gr","it":[{"ind":0,"ty":"sh","ix":1,"ks":{"a":0,"k":{"i":[[0,3.935],[-3.935,0],[0,-3.935],[3.935,0]],"o":[[0,-3.935],[3.935,0],[0,3.935],[-3.935,0]],"v":[[-7.125,0],[0,-7.125],[7.125,0],[0,7.125]],"c":true},"ix":2},"nm":"Path 1","mn":"ADBE Vector Shape - Group","hd":false},{"ty":"fl","c":{"a":0,"k":[0.1843137254901961,0.8705882352941177,0.08235294117647059,1],"ix":4},"o":{"a":0,"k":100,"ix":5},"r":1,"nm":"Fill 1","mn":"ADBE Vector Graphic - Fill","hd":false},{"ty":"tr","p":{"a":0,"k":[7.125,7.125],"ix":2},"a":{"a":0,"k":[0,0],"ix":1},"s":{"a":0,"k":[100,100],"ix":3},"r":{"a":0,"k":-360,"ix":6},"o":{"a":0,"k":0,"ix":7},"sk":{"a":0,"k":0,"ix":4},"sa":{"a":0,"k":0,"ix":5},"nm":"Transform"}],"nm":"Group 1","np":4,"cix":2,"ix":1,"mn":"ADBE Vector Group","hd":false},{"ty":"gr","it":[{"ind":0,"ty":"sh","ix":1,"ks":{"a":0,"k":{"i":[[0,0],[0,0],[0,0],[0,0],[0,0],[0.5,-0.055],[0.375,-0.109],[0.437,0.327],[0,0],[0,0],[0,0],[0,0],[0,0]],"o":[[0,0],[0,0],[0,0],[0,0],[0,0],[-0.063,0.491],[-0.313,0.108],[-0.438,0.219],[0,0],[0,0],[0,0],[0,0],[0,0]],"v":[[4.125,1.718],[2.875,-1.227],[3.688,-1.173],[4.063,-2.972],[2,-3.3],[0.5,-3.136],[-0.312,-2.263],[-1.562,-2.482],[-2.812,-1.773],[-4.125,-0.354],[-2.437,0.846],[-1.875,0.355],[-0.625,3.3]],"c":true},"ix":2},"nm":"Path 1","mn":"ADBE Vector Shape - Group","hd":false},{"ty":"st","c":{"a":0,"k":[0.1843137254901961,0.8705882352941177,0.08235294117647059,1],"ix":3},"o":{"a":0,"k":100,"ix":4},"w":{"a":0,"k":1,"ix":5},"lc":2,"lj":2,"nm":"Stroke 1","mn":"ADBE Vector Graphic - Stroke","hd":false},{"ty":"tr","p":{"a":0,"k":[7.125,7.125],"ix":2},"a":{"a":0,"k":[0,0],"ix":1},"s":{"a":0,"k":[100,100],"ix":3},"r":{"a":0,"k":0,"ix":6},"o":{"a":0,"k":100,"ix":7},"sk":{"a":0,"k":0,"ix":4},"sa":{"a":0,"k":0,"ix":5},"nm":"Transform"}],"nm":"Group 2","np":2,"cix":2,"ix":2,"mn":"ADBE Vector Group","hd":false}],"ip":0,"op":1810.00007372281,"st":0,"bm":0},{"ddd":0,"ind":5,"ty":4,"nm":"Hanger Outlines","parent":2,"sr":1,"ks":{"o":{"a":0,"k":100,"ix":11},"r":{"a":1,"k":[{"i":{"x":[0.833],"y":[0.833]},"o":{"x":[0.167],"y":[0.167]},"n":["0p833_0p833_0p167_0p167"],"t":0,"s":[0],"e":[-360]},{"t":1797.00007319331}],"ix":10},"p":{"a":0,"k":[49.706,3.22,0],"ix":2},"a":{"a":0,"k":[7.125,7.251,0],"ix":1},"s":{"a":0,"k":[58.824,58.824,100],"ix":6}},"ao":0,"shapes":[{"ty":"gr","it":[{"ind":0,"ty":"sh","ix":1,"ks":{"a":0,"k":{"i":[[0,3.935],[-3.935,0],[0,-3.935],[3.935,0]],"o":[[0,-3.935],[3.935,0],[0,3.935],[-3.935,0]],"v":[[-7.125,0],[0,-7.125],[7.125,0],[0,7.125]],"c":true},"ix":2},"nm":"Path 1","mn":"ADBE Vector Shape - Group","hd":false},{"ty":"fl","c":{"a":0,"k":[0.1843137254901961,0.8705882352941177,0.08235294117647059,1],"ix":4},"o":{"a":0,"k":100,"ix":5},"r":1,"nm":"Fill 1","mn":"ADBE Vector Graphic - Fill","hd":false},{"ty":"tr","p":{"a":0,"k":[7.125,7.377],"ix":2},"a":{"a":0,"k":[0,0],"ix":1},"s":{"a":0,"k":[100,100],"ix":3},"r":{"a":0,"k":0,"ix":6},"o":{"a":0,"k":0,"ix":7},"sk":{"a":0,"k":0,"ix":4},"sa":{"a":0,"k":0,"ix":5},"nm":"Transform"}],"nm":"Group 1","np":4,"cix":2,"ix":1,"mn":"ADBE Vector Group","hd":false},{"ty":"gr","it":[{"ind":0,"ty":"sh","ix":1,"ks":{"a":0,"k":{"i":[[0,0],[-1.711,-0.464],[0,-0.542],[0,0],[1.322,-0.619],[-0.156,-0.078],[0,0],[0.155,0.155],[0,0]],"o":[[0,0],[1.011,0.31],[-0.078,0.928],[0,0],[-0.234,0.077],[0,0],[0.234,0.078],[0,0],[0,0]],"v":[[-0.855,-3.173],[1.477,-4.256],[2.723,-2.786],[1.245,-1.161],[-4.355,1.856],[-4.355,2.322],[4.201,4.642],[4.434,4.333],[2.1,0.62]],"c":false},"ix":2},"nm":"Path 1","mn":"ADBE Vector Shape - Group","hd":false},{"ty":"st","c":{"a":0,"k":[0.1843137254901961,0.8705882352941177,0.08235294117647059,1],"ix":3},"o":{"a":0,"k":100,"ix":4},"w":{"a":0,"k":1,"ix":5},"lc":2,"lj":2,"nm":"Stroke 1","mn":"ADBE Vector Graphic - Stroke","hd":false},{"ty":"tr","p":{"a":0,"k":[7.128,7.22],"ix":2},"a":{"a":0,"k":[0,0],"ix":1},"s":{"a":0,"k":[100,100],"ix":3},"r":{"a":0,"k":0,"ix":6},"o":{"a":0,"k":100,"ix":7},"sk":{"a":0,"k":0,"ix":4},"sa":{"a":0,"k":0,"ix":5},"nm":"Transform"}],"nm":"Group 2","np":2,"cix":2,"ix":2,"mn":"ADBE Vector Group","hd":false}],"ip":0,"op":1810.00007372281,"st":0,"bm":0},{"ddd":0,"ind":6,"ty":4,"nm":"Pants Outlines","parent":2,"sr":1,"ks":{"o":{"a":0,"k":100,"ix":11},"r":{"a":1,"k":[{"i":{"x":[0.833],"y":[0.833]},"o":{"x":[0.167],"y":[0.167]},"n":["0p833_0p833_0p167_0p167"],"t":0,"s":[0],"e":[-360]},{"t":1797.00007319331}],"ix":10},"p":{"a":0,"k":[30.107,90.906,0],"ix":2},"a":{"a":0,"k":[8.774,9.695,0],"ix":1},"s":{"a":0,"k":[52.824,52.824,100],"ix":6}},"ao":0,"shapes":[{"ty":"gr","it":[{"ind":0,"ty":"sh","ix":1,"ks":{"a":0,"k":{"i":[[0,4.846],[-4.846,0],[0,-4.846],[4.846,0]],"o":[[0,-4.846],[4.846,0],[0,4.846],[-4.846,0]],"v":[[-8.774,-0.001],[0,-8.773],[8.774,-0.001],[0,8.773]],"c":true},"ix":2},"nm":"Path 1","mn":"ADBE Vector Shape - Group","hd":false},{"ty":"fl","c":{"a":0,"k":[0.1843137254901961,0.8705882352941177,0.08235294117647059,1],"ix":4},"o":{"a":0,"k":100,"ix":5},"r":1,"nm":"Fill 1","mn":"ADBE Vector Graphic - Fill","hd":false},{"ty":"tr","p":{"a":0,"k":[8.774,8.774],"ix":2},"a":{"a":0,"k":[0,0],"ix":1},"s":{"a":0,"k":[100,100],"ix":3},"r":{"a":0,"k":0,"ix":6},"o":{"a":0,"k":0,"ix":7},"sk":{"a":0,"k":0,"ix":4},"sa":{"a":0,"k":0,"ix":5},"nm":"Transform"}],"nm":"Group 1","np":4,"cix":2,"ix":1,"mn":"ADBE Vector Group","hd":false},{"ty":"gr","it":[{"ind":0,"ty":"sh","ix":1,"ks":{"a":0,"k":{"i":[[0,0],[0.045,-0.06],[0.247,-0.764],[0.021,-0.175],[0.089,-0.409],[0.043,-0.349],[0.088,-0.408],[0.046,-0.059],[0.116,-0.008],[0,0],[0.024,0.113],[-0.068,0.234],[-0.116,0.007],[-0.301,-0.037],[-0.603,-0.075],[-0.603,-0.074],[-0.232,0.014],[-0.116,0.008],[-0.024,-0.113],[-0.049,-0.228],[-0.024,-0.114],[0.021,-0.175],[-0.024,-0.113],[0.045,-0.06],[0,0],[0.023,0.115],[0.097,0.454],[0.073,0.34],[0.075,0.627],[0.094,0.167],[0.049,0.227],[0.121,0.566],[0.095,0.166]],"o":[[0,0],[-0.248,0.763],[-0.021,0.173],[-0.088,0.407],[-0.043,0.347],[-0.043,0.348],[-0.089,0.409],[-0.045,0.062],[-0.116,0.007],[-0.07,-0.053],[0.021,-0.174],[-0.025,-0.115],[0.301,0.037],[0.603,0.074],[0.603,0.075],[0.231,-0.015],[0,0],[0.116,-0.007],[0.049,0.228],[0.024,0.113],[0.003,0.287],[-0.022,0.174],[-0.046,0.061],[-0.162,0.067],[-0.024,-0.112],[-0.098,-0.453],[-0.073,-0.34],[-0.075,-0.628],[-0.024,-0.114],[-0.049,-0.225],[-0.191,-0.62],[-0.025,-0.114],[0,0]],"v":[[-0.087,-1.92],[-0.151,-1.399],[-0.893,0.893],[-0.957,1.415],[-1.177,2.58],[-1.306,3.623],[-1.48,4.726],[-1.722,6.064],[-1.883,6.134],[-3.627,5.387],[-3.043,-5.863],[-2.933,-6.445],[-2.726,-6.574],[-1.822,-6.462],[0.102,-6.245],[1.98,-5.968],[2.699,-5.9],[2.884,-5.856],[2.978,-5.69],[3.1,-5.122],[3.175,-4.494],[3.26,-3.005],[3.697,6.165],[3.606,6.286],[1.849,6.574],[1.704,5.894],[1.482,4.587],[1.309,3.507],[1.037,1.684],[0.94,1.23],[0.748,0.611],[0.153,-1.074],[-0.06,-1.52]],"c":false},"ix":2},"nm":"Path 1","mn":"ADBE Vector Shape - Group","hd":false},{"ty":"st","c":{"a":0,"k":[0.1843137254901961,0.8705882352941177,0.08235294117647059,1],"ix":3},"o":{"a":0,"k":100,"ix":4},"w":{"a":0,"k":1,"ix":5},"lc":2,"lj":2,"nm":"Stroke 1","mn":"ADBE Vector Graphic - Stroke","hd":false},{"ty":"tr","p":{"a":0,"k":[7.945,10.316],"ix":2},"a":{"a":0,"k":[0,0],"ix":1},"s":{"a":0,"k":[100,100],"ix":3},"r":{"a":0,"k":0,"ix":6},"o":{"a":0,"k":100,"ix":7},"sk":{"a":0,"k":0,"ix":4},"sa":{"a":0,"k":0,"ix":5},"nm":"Transform"}],"nm":"Group 2","np":2,"cix":2,"ix":2,"mn":"ADBE Vector Group","hd":false}],"ip":0,"op":1810.00007372281,"st":0,"bm":0},{"ddd":0,"ind":7,"ty":4,"nm":"Logo Outlines","parent":2,"sr":1,"ks":{"o":{"a":0,"k":100,"ix":11},"r":{"a":1,"k":[{"i":{"x":[0.833],"y":[0.833]},"o":{"x":[0.167],"y":[0.167]},"n":["0p833_0p833_0p167_0p167"],"t":0,"s":[0],"e":[-360]},{"t":1797.00007319331}],"ix":10},"p":{"a":0,"k":[82.059,82.235,0],"ix":2},"a":{"a":0,"k":[7.646,7.125,0],"ix":1},"s":{"a":0,"k":[58.824,58.824,100],"ix":6}},"ao":0,"shapes":[{"ty":"gr","it":[{"ind":0,"ty":"sh","ix":1,"ks":{"a":0,"k":{"i":[[0,3.935],[-3.935,0],[0,-3.935],[3.935,0]],"o":[[0,-3.935],[3.935,0],[0,3.935],[-3.935,0]],"v":[[-7.125,0],[0,-7.125],[7.125,0],[0,7.125]],"c":true},"ix":2},"nm":"Path 1","mn":"ADBE Vector Shape - Group","hd":false},{"ty":"fl","c":{"a":0,"k":[0.1843137254901961,0.8705882352941177,0.08235294117647059,1],"ix":4},"o":{"a":0,"k":100,"ix":5},"r":1,"nm":"Fill 1","mn":"ADBE Vector Graphic - Fill","hd":false},{"ty":"tr","p":{"a":0,"k":[7.645,7.125],"ix":2},"a":{"a":0,"k":[0,0],"ix":1},"s":{"a":0,"k":[100,100],"ix":3},"r":{"a":0,"k":0,"ix":6},"o":{"a":0,"k":0,"ix":7},"sk":{"a":0,"k":0,"ix":4},"sa":{"a":0,"k":0,"ix":5},"nm":"Transform"}],"nm":"Group 1","np":4,"cix":2,"ix":1,"mn":"ADBE Vector Group","hd":false},{"ty":"gr","it":[{"ind":0,"ty":"sh","ix":1,"ks":{"a":0,"k":{"i":[[0,0],[0,0]],"o":[[0,0],[0,0]],"v":[[8.478,5.542],[12.79,5.542]],"c":false},"ix":2},"nm":"Path 1","mn":"ADBE Vector Shape - Group","hd":false},{"ty":"st","c":{"a":0,"k":[0.1843137254901961,0.8705882352941177,0.08235294117647059,1],"ix":3},"o":{"a":0,"k":100,"ix":4},"w":{"a":0,"k":1,"ix":5},"lc":2,"lj":1,"ml":10,"ml2":{"a":0,"k":10,"ix":8},"nm":"Stroke 1","mn":"ADBE Vector Graphic - Stroke","hd":false},{"ty":"tr","p":{"a":0,"k":[0,0],"ix":2},"a":{"a":0,"k":[0,0],"ix":1},"s":{"a":0,"k":[100,100],"ix":3},"r":{"a":0,"k":0,"ix":6},"o":{"a":0,"k":100,"ix":7},"sk":{"a":0,"k":0,"ix":4},"sa":{"a":0,"k":0,"ix":5},"nm":"Transform"}],"nm":"Group 2","np":2,"cix":2,"ix":2,"mn":"ADBE Vector Group","hd":false},{"ty":"gr","it":[{"ind":0,"ty":"sh","ix":1,"ks":{"a":0,"k":{"i":[[0,0],[0,0],[0,0],[0,0]],"o":[[0,0],[0,0],[0,0],[0,0]],"v":[[-5.146,-1.583],[-3.022,-1.583],[-0.028,1.583],[5.146,1.583]],"c":false},"ix":2},"nm":"Path 1","mn":"ADBE Vector Shape - Group","hd":false},{"ty":"st","c":{"a":0,"k":[0.1843137254901961,0.8705882352941177,0.08235294117647059,1],"ix":3},"o":{"a":0,"k":100,"ix":4},"w":{"a":0,"k":1,"ix":5},"lc":2,"lj":1,"ml":10,"ml2":{"a":0,"k":10,"ix":8},"nm":"Stroke 1","mn":"ADBE Vector Graphic - Stroke","hd":false},{"ty":"tr","p":{"a":0,"k":[7.646,7.125],"ix":2},"a":{"a":0,"k":[0,0],"ix":1},"s":{"a":0,"k":[100,100],"ix":3},"r":{"a":0,"k":0,"ix":6},"o":{"a":0,"k":100,"ix":7},"sk":{"a":0,"k":0,"ix":4},"sa":{"a":0,"k":0,"ix":5},"nm":"Transform"}],"nm":"Group 3","np":2,"cix":2,"ix":3,"mn":"ADBE Vector Group","hd":false}],"ip":0,"op":1810.00007372281,"st":0,"bm":0},{"ddd":0,"ind":8,"ty":4,"nm":"Circle In","parent":1,"sr":1,"ks":{"o":{"a":0,"k":100,"ix":11},"r":{"a":0,"k":0,"ix":10},"p":{"a":0,"k":[49.853,49.853,0],"ix":2},"a":{"a":0,"k":[68,69,0],"ix":1},"s":{"a":0,"k":[58.824,58.824,100],"ix":6}},"ao":0,"shapes":[{"ty":"gr","it":[{"ind":0,"ty":"sh","ix":1,"ks":{"a":0,"k":{"i":[[0,0],[-35.288,0],[-4.986,32.588]],"o":[[2.894,34.862],[33.683,0],[0,0]],"v":[[-67,5.754],[0.134,68],[66.713,10.462]],"c":false},"ix":2},"nm":"Path 1","mn":"ADBE Vector Shape - Group","hd":false},{"ind":1,"ty":"sh","ix":2,"ks":{"a":0,"k":{"i":[[0,0],[-32.411,0],[-4.087,-33.607]],"o":[[6.441,-30.777],[34.401,0],[0,0]],"v":[[-65.783,-14.123],[0.134,-68],[67,-8.369]],"c":false},"ix":2},"nm":"Path 2","mn":"ADBE Vector Shape - Group","hd":false},{"ty":"mm","mm":1,"nm":"Merge Paths 1","mn":"ADBE Vector Filter - Merge","hd":false},{"ty":"st","c":{"a":0,"k":[0.1843137254901961,0.8705882352941177,0.08235294117647059,1],"ix":3},"o":{"a":0,"k":100,"ix":4},"w":{"a":0,"k":1,"ix":5},"lc":2,"lj":1,"ml":4,"ml2":{"a":0,"k":4,"ix":8},"nm":"Stroke 1","mn":"ADBE Vector Graphic - Stroke","hd":false},{"ty":"tr","p":{"a":0,"k":[68,69],"ix":2},"a":{"a":0,"k":[0,0],"ix":1},"s":{"a":0,"k":[100,100],"ix":3},"r":{"a":0,"k":0,"ix":6},"o":{"a":0,"k":100,"ix":7},"sk":{"a":0,"k":0,"ix":4},"sa":{"a":0,"k":0,"ix":5},"nm":"Transform"}],"nm":"Group 1","np":4,"cix":2,"ix":1,"mn":"ADBE Vector Group","hd":false}],"ip":0,"op":1810.00007372281,"st":0,"bm":0},{"ddd":0,"ind":9,"ty":4,"nm":"Circle Out","parent":2,"sr":1,"ks":{"o":{"a":0,"k":100,"ix":11},"r":{"a":0,"k":0,"ix":10},"p":{"a":0,"k":[50,50.196,0],"ix":2},"a":{"a":0,"k":[78.664,78.166,0],"ix":1},"s":{"a":0,"k":[58.824,58.824,100],"ix":6}},"ao":0,"shapes":[{"ty":"gr","it":[{"ind":0,"ty":"sh","ix":1,"ks":{"a":0,"k":{"i":[[0,0],[0,-39.302],[9.517,-12.864]],"o":[[37.997,5.053],[0,17.217],[0,0]],"v":[[10.355,-77.167],[77.664,-0.342],[62.522,45.648]],"c":false},"ix":2},"nm":"Path 1","mn":"ADBE Vector Shape - Group","hd":false},{"ind":1,"ty":"sh","ix":2,"ks":{"a":0,"k":{"i":[[-0.642,-0.208],[-8.367,0],[-12.891,9.497]],"o":[[7.551,2.443],[17.251,0],[0,0]],"v":[[-23.974,73.404],[0.001,77.167],[46.081,62.057]],"c":false},"ix":2},"nm":"Path 2","mn":"ADBE Vector Shape - Group","hd":false},{"ind":2,"ty":"sh","ix":3,"ks":{"a":0,"k":{"i":[[0.764,0.512],[0,26.84],[-37.997,5.053]],"o":[[-20.771,-13.912],[0,-39.302],[0,0]],"v":[[-43.223,64.065],[-77.665,-0.342],[-10.356,-77.167]],"c":false},"ix":2},"nm":"Path 3","mn":"ADBE Vector Shape - Group","hd":false},{"ty":"mm","mm":1,"nm":"Merge Paths 1","mn":"ADBE Vector Filter - Merge","hd":false},{"ty":"st","c":{"a":0,"k":[0.1843137254901961,0.8705882352941177,0.08235294117647059,1],"ix":3},"o":{"a":0,"k":100,"ix":4},"w":{"a":0,"k":1,"ix":5},"lc":2,"lj":1,"ml":4,"ml2":{"a":0,"k":4,"ix":8},"nm":"Stroke 1","mn":"ADBE Vector Graphic - Stroke","hd":false},{"ty":"tr","p":{"a":0,"k":[78.664,78.166],"ix":2},"a":{"a":0,"k":[0,0],"ix":1},"s":{"a":0,"k":[100,100],"ix":3},"r":{"a":0,"k":0,"ix":6},"o":{"a":0,"k":100,"ix":7},"sk":{"a":0,"k":0,"ix":4},"sa":{"a":0,"k":0,"ix":5},"nm":"Transform"}],"nm":"Group 1","np":5,"cix":2,"ix":1,"mn":"ADBE Vector Group","hd":false}],"ip":0,"op":1810.00007372281,"st":0,"bm":0},{"ddd":0,"ind":10,"ty":4,"nm":"Center","sr":1,"ks":{"o":{"a":0,"k":100,"ix":11},"r":{"a":0,"k":0,"ix":10},"p":{"a":0,"k":[100,100,0],"ix":2},"a":{"a":0,"k":[57.75,57.75,0],"ix":1},"s":{"a":0,"k":[100,100,100],"ix":6}},"ao":0,"shapes":[{"ty":"gr","it":[{"ind":0,"ty":"sh","ix":1,"ks":{"a":0,"k":{"i":[[0,4.862],[-4.876,0],[0,-4.862],[4.876,0]],"o":[[0,-4.862],[4.876,0],[0,4.862],[-4.876,0]],"v":[[-8.874,0],[0,-8.758],[8.874,0],[0,8.758]],"c":true},"ix":2},"nm":"Path 1","mn":"ADBE Vector Shape - Group","hd":false},{"ind":1,"ty":"sh","ix":2,"ks":{"a":0,"k":{"i":[[3.647,0],[0,-3.526],[-3.647,0],[0,3.526]],"o":[[-3.647,0],[0,3.526],[3.647,0],[0,-3.526]],"v":[[0,-6.429],[-6.559,0],[0,6.429],[6.56,0]],"c":true},"ix":2},"nm":"Path 2","mn":"ADBE Vector Shape - Group","hd":false},{"ty":"mm","mm":1,"nm":"Merge Paths 1","mn":"ADBE Vector Filter - Merge","hd":false},{"ty":"fl","c":{"a":0,"k":[0.1843137254901961,0.8705882352941177,0.08235294117647059,1],"ix":4},"o":{"a":0,"k":100,"ix":5},"r":1,"nm":"Fill 1","mn":"ADBE Vector Graphic - Fill","hd":false},{"ty":"tr","p":{"a":0,"k":[57.75,48.258],"ix":2},"a":{"a":0,"k":[0,0],"ix":1},"s":{"a":0,"k":[100,100],"ix":3},"r":{"a":0,"k":0,"ix":6},"o":{"a":0,"k":100,"ix":7},"sk":{"a":0,"k":0,"ix":4},"sa":{"a":0,"k":0,"ix":5},"nm":"Transform"}],"nm":"Group 1","np":6,"cix":2,"ix":1,"mn":"ADBE Vector Group","hd":false},{"ty":"gr","it":[{"ind":0,"ty":"sh","ix":1,"ks":{"a":0,"k":{"i":[[-1.667,1.641],[-2.346,0],[0,0],[-1.666,-1.64],[0,-2.331],[0,0],[0.639,0],[0,0.644],[0,0],[1.226,1.208],[1.748,0],[0,0],[1.228,-1.209],[0,-1.696],[0,0],[0.639,0],[0,0.644],[0,0]],"o":[[1.666,-1.64],[0,0],[2.345,0],[1.667,1.641],[0,0],[0,0.644],[-0.64,0],[0,0],[0,-1.696],[-1.229,-1.209],[0,0],[-1.748,0],[-1.228,1.208],[0,0],[0,0.644],[-0.639,0],[0,0],[0,-2.331]],"v":[[-13.982,-4.304],[-7.717,-6.86],[7.717,-6.86],[13.982,-4.304],[16.59,1.898],[16.59,5.695],[15.434,6.86],[14.277,5.695],[14.277,1.898],[12.365,-2.638],[7.717,-4.53],[-7.717,-4.53],[-12.364,-2.638],[-14.276,1.898],[-14.276,5.695],[-15.434,6.86],[-16.59,5.695],[-16.59,1.898]],"c":true},"ix":2},"nm":"Path 1","mn":"ADBE Vector Shape - Group","hd":false},{"ty":"fl","c":{"a":0,"k":[0.1843137254901961,0.8705882352941177,0.08235294117647059,1],"ix":4},"o":{"a":0,"k":100,"ix":5},"r":1,"nm":"Fill 1","mn":"ADBE Vector Graphic - Fill","hd":false},{"ty":"tr","p":{"a":0,"k":[57.75,69.14],"ix":2},"a":{"a":0,"k":[0,0],"ix":1},"s":{"a":0,"k":[100,100],"ix":3},"r":{"a":0,"k":0,"ix":6},"o":{"a":0,"k":100,"ix":7},"sk":{"a":0,"k":0,"ix":4},"sa":{"a":0,"k":0,"ix":5},"nm":"Transform"}],"nm":"Group 2","np":4,"cix":2,"ix":2,"mn":"ADBE Vector Group","hd":false},{"ty":"gr","it":[{"ind":0,"ty":"sh","ix":1,"ks":{"a":0,"k":{"i":[[0,-31.756],[31.756,0],[0,31.756],[-31.756,0]],"o":[[0,31.756],[-31.756,0],[0,-31.756],[31.756,0]],"v":[[57.5,0],[0,57.5],[-57.5,0],[0,-57.5]],"c":true},"ix":2},"nm":"Path 1","mn":"ADBE Vector Shape - Group","hd":false},{"ty":"fl","c":{"a":0,"k":[0.948999980852,0.948999980852,0.948999980852,1],"ix":4},"o":{"a":0,"k":100,"ix":5},"r":1,"nm":"Fill 1","mn":"ADBE Vector Graphic - Fill","hd":false},{"ty":"tr","p":{"a":0,"k":[57.75,57.75],"ix":2},"a":{"a":0,"k":[0,0],"ix":1},"s":{"a":0,"k":[100,100],"ix":3},"r":{"a":0,"k":0,"ix":6},"o":{"a":0,"k":100,"ix":7},"sk":{"a":0,"k":0,"ix":4},"sa":{"a":0,"k":0,"ix":5},"nm":"Transform"}],"nm":"Group 3","np":4,"cix":2,"ix":3,"mn":"ADBE Vector Group","hd":false}],"ip":0,"op":1824.00007429304,"st":0,"bm":0}],"markers":[]}